AKETO1,,,,
AKETO13,,,,
AKHENATON5,,,,
AKHENATON6,,,,
AKHENATON7,,,,
AKHENATON11,,,,
AKHENATON11,,,,
AKHENATON13,,,,
AKHENATON13,,,,
AKHENATON13,,,,
AKHENATON13,,,,
AKHENATON13,,,,
AKHENATON13,,,,
L’ALGÉRINO15,,,,
L’ALGÉRINO15,,,,
L’ALGÉRINO16,,,,
ALI_(FRA)11,,,,
ALI_(FRA)13,,,,
ALKPOTE4,,,,
ALKPOTE5,,,,
ABD_AL_MALIK14,,,,
ABD_AL_MALIK17,,,,
ABD_AL_MALIK17,,,,
ABD_AL_MALIK17,,,,
ABD_AL_MALIK17,,,,
ABD_AL_MALIK19,,,,
ALONZO1,,,,
ALONZO6,,,,
ALONZO7,,,,
ALPHA_5.201,,,,
ATEYABA5,,,,
ATEYABA5,,,,
ATEYABA6,,,,
ATIM2,,,,
PIT_BACCARDI6,,,,
PIT_BACCARDI6,,,,
PIT_BACCARDI6,,,,
PIT_BACCARDI6,,,,
PIT_BACCARDI6,,,,
PIT_BACCARDI6,,,,
PIT_BACCARDI6,,,,
PIT_BACCARDI7,,,,
PIT_BACCARDI11,,,,
GÉRARD_BASTE1,,,,
GÉRARD_BASTE1,,,,
GÉRARD_BASTE14,,,,
GÉRARD_BASTE16,,,,
GÉRARD_BASTE20,,,,
BEN-J_(FRA)11,,,,
BEN-J_(FRA)11,,,,
BEN-J_(FRA)13,,,,
BEN-J_(FRA)13,,,,
BENASH3,,,,
BIG_RED13,,,,
BIG_RED13,,,,
BLACK_KENT1,,,,
BLACK_KENT1,,,,
BLACK_KENT1,,,,
BLACK_KENT1,,,,
BLACK_KENT4,,,,
BLACK_KENT7,,,,
BLACK_KENT8,,,,
BLACK_KENT8,,,,
BLACK_KENT10,,,,
BLACK_KENT10,,,,
BLACK_KENT10,,,,
BLACK_KENT11,,,,
BLACK_KENT14,,,,
BLACK_KENT19,,,,
BLACK_M1,,,,
BLACK_M1,,,,
BLACK_M1,,,,
BLACK_M1,,,,
BLACK_M2,,,,
BLACK_M2,,,,
BLACK_M10,,,,
BLACK_M10,,,,
BLACK_M19,,,,
BLACK_M19,,,,
BLACKO_(FRA)10,,,,
BOOBA2,,,,
BOOBA2,,,,
BOOBA3,,,,
BOOBA5,,,,
BOOBA7,,,,
BOOBA13,,,,
BOOBA16,,,,
BOOBA16,,,,
BOOSTEE11,,,,
BOOSTEE20,,,,
BOOSTEE20,,,,
BOSH2,,,,
BOSH2,,,,
BOSH2,,,,
BOSH2,,,,
BOSH5,,,,
BOSH13,,,,
BOSH13,,,,
BOUGA5,,,,
BOUGA10,,,,
BOUGA10,,,,
BOUGA10,,,,
BOUGA10,,,,
BOUGA10,,,,
BOUGA10,,,,
BOUGA10,,,,
BOUGA10,,,,
BRASCO1,,,,
BRASCO1,,,,
BRASCO10,,,,
BRASCO13,,,,
BRASCO13,,,,
BRASCO13,,,,
LUCIO_BUKOWSKI_&_ANTON_SERRA1,,,,
LUCIO_BUKOWSKI_&_ANTON_SERRA3,,,,
LUCIO_BUKOWSKI_&_ANTON_SERRA8,,,,
LUCIO_BUKOWSKI_&_ANTON_SERRA8,,,,
LUCIO_BUKOWSKI_&_ANTON_SERRA8,,,,
LUCIO_BUKOWSKI_&_ANTON_SERRA9,,,,
LUCIO_BUKOWSKI_&_ANTON_SERRA9,,,,
LUCIO_BUKOWSKI_&_ANTON_SERRA9,,,,
LUCIO_BUKOWSKI_&_ANTON_SERRA9,,,,
DEEN_BURBIGO14,,,,
DEEN_BURBIGO17,,,,
BUSTA_FLEX3,,,,
BUSTA_FLEX3,,,,
BUSTA_FLEX6,,,,
BUSTA_FLEX9,,,,
BUSTA_FLEX12,,,,
CALBO6,,,,
CALBO6,,,,
CANARDO17,,,,
NICK_CONRAD4,,,,
NICK_CONRAD4,,,,
NICK_CONRAD4,,,,
NICK_CONRAD4,,,,
NICK_CONRAD7,,,,
NICK_CONRAD7,,,,
NICK_CONRAD8,,,,
NICK_CONRAD8,,,,
NICK_CONRAD14,,,,
BAMBI_CRUZ11,,,,
BAMBI_CRUZ12,,,,
BAMBI_CRUZ12,,,,
BAMBI_CRUZ12,,,,
BAMBI_CRUZ13,,,,
CUIZINIER4,,,,
CUIZINIER8,,,,
CYANURE_(ATK)4,,,,
CYANURE_(ATK)8,,,,
CYANURE_(ATK)8,,,,
CYANURE_(ATK)9,,,,
CYANURE_(ATK)11,,,,
CYANURE_(ATK)11,,,,
CYANURE_(ATK)11,,,,
CYANURE_(ATK)17,,,,
CYANURE_(ATK)17,,,,
D’_DE_KABAL1,,,,
D’_DE_KABAL1,,,,
D’_DE_KABAL2,,,,
D’_DE_KABAL2,,,,
D’_DE_KABAL2,,,,
D’_DE_KABAL2,,,,
D’_DE_KABAL2,,,,
D’_DE_KABAL2,,,,
D’_DE_KABAL2,,,,
D’_DE_KABAL2,,,,
D’_DE_KABAL3,,,,
D’_DE_KABAL5,,,,
D’_DE_KABAL5,,,,
D’_DE_KABAL6,,,,
D’_DE_KABAL6,,,,
D’_DE_KABAL6,,,,
D’_DE_KABAL6,,,,
D’_DE_KABAL6,,,,
D’_DE_KABAL6,,,,
D’_DE_KABAL6,,,,
D’_DE_KABAL6,,,,
D’_DE_KABAL7,,,,
D’_DE_KABAL7,,,,
D’_DE_KABAL7,,,,
D’_DE_KABAL7,,,,
D’_DE_KABAL7,,,,
D’_DE_KABAL7,,,,
D’_DE_KABAL9,,,,
D’_DE_KABAL9,,,,
D’_DE_KABAL13,,,,
D’_DE_KABAL16,,,,
D’_DE_KABAL16,,,,
LIONEL_D1,,,,
LIONEL_D1,,,,
LIONEL_D1,,,,
LIONEL_D1,,,,
LIONEL_D3,,,,
<U+200B>DA_UZI5,,,,
<U+200B>DA_UZI5,,,,
<U+200B>DA_UZI9,,,,
<U+200B>DA_UZI9,,,,
DADOO1,,,,
DADOO1,,,,
DADOO2,,,,
DADOO2,,,,
DADOO2,,,,
DADOO8,,,,
DADOO9,,,,
DADOO12,,,,
DAKEEZ2,,,,
DAKEEZ2,,,,
HAMED_DÄYE4,,,,
HAMED_DÄYE4,,,,
HAMED_DÄYE7,,,,
HAMED_DÄYE8,,,,
DEF_BOND12,,,,
DEF_BOND16,,,,
DEF_BOND19,,,,
DEF_BOND19,,,,
DEF_BOND19,,,,
DEF_BOND19,,,,
DEF_BOND19,,,,
DEF_BOND19,,,,
DEF_BOND19,,,,
DEF_BOND19,,,,
JAMES_DELLECK3,,,,
JAMES_DELLECK3,,,,
JAMES_DELLECK6,,,,
JAMES_DELLECK19,,,,
DEMI_PORTION2,,,,
DEMI_PORTION2,,,,
DEMI_PORTION2,,,,
DEMI_PORTION2,,,,
DEMI_PORTION2,,,,
DEMI_PORTION7,,,,
DEMI_PORTION10,,,,
DEMI_PORTION10,,,,
DEMI_PORTION13,,,,
DEMI_PORTION13,,,,
DEMI_PORTION16,,,,
DEMI_PORTION17,,,,
DEMON_ONE1,,,,
DEMON_ONE1,,,,
DIAMOND_DEUKLO11,,,,
DINOS3,,,,
DINOS3,,,,
DINOS7,,,,
DINOS18,,,,
DISIZ_LA_PESTE4,,,,
DISIZ_LA_PESTE4,,,,
DISIZ_LA_PESTE4,,,,
DISIZ_LA_PESTE9,,,,
DISIZ_LA_PESTE9,,,,
DISIZ_LA_PESTE13,,,,
DISIZ_LA_PESTE17,,,,
DISIZ_LA_PESTE17,,,,
DJAMATIK3,,,,
DOC_GYNÉCO4,,,,
DOC_GYNÉCO4,,,,
DOC_GYNÉCO7,,,,
DON_CHOA9,,,,
DON_CHOA9,,,,
DON_CHOA14,,,,
JR_O_CROM_&_DOOMAMS4,,,,
JR_O_CROM_&_DOOMAMS4,,,,
DOSSEH2,,,,
DOSSEH2,,,,
DOSSEH2,,,,
DOSSEH15,,,,
DRIVER4,,,,
DRIVER4,,,,
DRIVER19,,,,
DRIVER19,,,,
EJM_(RAPPEUR)1,,,,
EJM_(RAPPEUR)1,,,,
EKLIPS7,,,,
EKLIPS9,,,,
EKOUÉ3,,,,
EKOUÉ3,,,,
EKOUÉ3,,,,
EKOUÉ3,,,,
EKOUÉ3,,,,
EKOUÉ3,,,,
EKOUÉ3,,,,
EKOUÉ6,,,,
EKOUÉ14,,,,
EKOUÉ14,,,,
EKOUÉ17,,,,
FABABY13,,,,
FABABY13,,,,
FABABY13,,,,
FABABY14,,,,
FABABY14,,,,
FABABY16,,,,
FABE2,,,,
FABE2,,,,
FABE2,,,,
FABE2,,,,
FABE6,,,,
FABE7,,,,
FABE9,,,,
FABE9,,,,
FABE9,,,,
FABE18,,,,
FABE19,,,,
FAF_LARAGE11,,,,
FAF_LARAGE11,,,,
GAËL_FAYE2,,,,
GAËL_FAYE2,,,,
GAËL_FAYE2,,,,
GAËL_FAYE4,,,,
GAËL_FAYE4,,,,
GAËL_FAYE4,,,,
GAËL_FAYE17,,,,
GAËL_FAYE17,,,,
GAËL_FAYE17,,,,
GAËL_FAYE17,,,,
GAËL_FAYE17,,,,
GAËL_FAYE20,,,,
GAËL_FAYE20,,,,
FISTO2,,,,
FISTO2,,,,
FISTO2,,,,
FISTO2,,,,
FISTO2,,,,
FISTO2,,,,
FISTO2,,,,
FISTO2,,,,
FISTO3,,,,
FISTO10,,,,
FISTO11,,,,
FISTO11,,,,
FISTO11,,,,
FISTO11,,,,
FISTO11,,,,
FISTO14,,,,
FISTO15,,,,
FISTO19,,,,
FLYNT2,,,,
FLYNT2,,,,
FLYNT13,,,,
FLYNT13,,,,
FLYNT13,,,,
FLYNT18,,,,
FLYNT20,,,,
FLYNT20,,,,
FLYNT20,,,,
FLYNT20,,,,
FLYNT20,,,,
LA_FOUINE3,,,,
LA_FOUINE3,,,,
LA_FOUINE9,,,,
LA_FOUINE9,,,,
LA_FOUINE15,,,,
FRANGLISH19,,,,
FREEMAN_(FRA)12,,,,
FREEZE_CORLEONE3,,,,
FREEZE_CORLEONE5,,,,
FREEZE_CORLEONE9,,,,
FREEZE_CORLEONE9,,,,
FREEZE_CORLEONE11,,,,
FREEZE_CORLEONE11,,,,
SEB4,,,,
SEB12,,,,
SEB13,,,,
FURAX2,,,,
FURAX2,,,,
FURAX2,,,,
FURAX2,,,,
FURAX2,,,,
FURAX2,,,,
FURAX5,,,,
FURAX10,,,,
FURAX12,,,,
FURAX12,,,,
FURAX12,,,,
FURAX12,,,,
ORGASMIC_&_FUZATI1,,,,
ORGASMIC_&_FUZATI3,,,,
ORGASMIC_&_FUZATI8,,,,
ORGASMIC_&_FUZATI9,,,,
GAMBI19,,,,
GEORGIO1,,,,
GEORGIO1,,,,
GEORGIO1,,,,
GEORGIO5,,,,
GEORGIO5,,,,
GEORGIO5,,,,
GRADUR11,,,,
GRADUR11,,,,
GRADUR13,,,,
GRAND_CORPS_MALADE4,,,,
GRAND_CORPS_MALADE6,,,,
CHARLY_GREANE5,,,,
CHARLY_GREANE5,,,,
GREMS1,,,,
GREMS1,,,,
GREMS5,,,,
GREMS7,,,,
GREMS9,,,,
GREMS12,,,,
GRINGE6,,,,
GRINGE6,,,,
GRINGE10,,,,
GRINGE15,,,,
GRINGE15,,,,
GRINGE18,,,,
SETH_GUEKO1,,,,
SETH_GUEKO1,,,,
SETH_GUEKO1,,,,
SETH_GUEKO7,,,,
SETH_GUEKO7,,,,
SETH_GUEKO13,,,,
SETH_GUEKO13,,,,
SETH_GUEKO13,,,,
SETH_GUEKO13,,,,
GUIZMO5,,,,
GUIZMO5,,,,
GUIZMO5,,,,
GUIZMO15,,,,
GUTS14,,,,
GUTS18,,,,
GUTS18,,,,
GUTS18,,,,
HAYCE_LEMSI2,,,,
HAYCE_LEMSI2,,,,
HAYCE_LEMSI7,,,,
HAYCE_LEMSI8,,,,
HAYCE_LEMSI9,,,,
HAYCE_LEMSI9,,,,
HAYCE_LEMSI11,,,,
HAYCE_LEMSI12,,,,
HAYCE_LEMSI18,,,,
HAYCE_LEMSI18,,,,
HAYCE_LEMSI20,,,,
HEUSS_L’ENFOIRÉ19,,,,
HEUSS_L’ENFOIRÉ19,,,,
HEUSS_L’ENFOIRÉ19,,,,
HIPPOCAMPE_FOU1,,,,
HIPPOCAMPE_FOU1,,,,
HIPPOCAMPE_FOU6,,,,
HIPPOCAMPE_FOU9,,,,
HIPPOCAMPE_FOU16,,,,
HIPPOCAMPE_FOU16,,,,
HIPPOCAMPE_FOU20,,,,
HIPPOCAMPE_FOU20,,,,
HORNET_LA_FRAPPE4,,,,
HORNET_LA_FRAPPE16,,,,
HORNET_LA_FRAPPE16,,,,
HORNET_LA_FRAPPE16,,,,
HORNET_LA_FRAPPE16,,,,
HORNET_LA_FRAPPE16,,,,
HORNET_LA_FRAPPE16,,,,
HORNET_LA_FRAPPE16,,,,
HORNET_LA_FRAPPE16,,,,
HUGO_TSR1,,,,
HUGO_TSR1,,,,
HUGO_TSR3,,,,
HUGO_TSR3,,,,
HUGO_TSR3,,,,
HUGO_TSR3,,,,
HUGO_TSR3,,,,
HUGO_TSR4,,,,
HUGO_TSR4,,,,
HUGO_TSR4,,,,
HUGO_TSR4,,,,
HUGO_TSR4,,,,
HUGO_TSR4,,,,
HUGO_TSR10,,,,
HUGO_TSR10,,,,
HUGO_TSR10,,,,
HUGO_TSR10,,,,
HUGO_TSR14,,,,
HUGO_TSR17,,,,
HUGO_TSR20,,,,
HUGO_TSR20,,,,
HUGO_TSR20,,,,
HUGO_TSR20,,,,
HYACINTHE4,,,,
HYACINTHE11,,,,
HYACINTHE11,,,,
KERY_JAMES2,,,,
KERY_JAMES2,,,,
KERY_JAMES3,,,,
KERY_JAMES3,,,,
KERY_JAMES3,,,,
JAZZY_BAZZ1,,,,
JAZZY_BAZZ17,,,,
JAZZY_BAZZ19,,,,
JOEY_STARR9,,,,
SLY_JOHNSON8,,,,
SLY_JOHNSON12,,,,
JORRDEE12,,,,
JORRDEE12,,,,
JORRDEE12,,,,
JORRDEE12,,,,
JORRDEE12,,,,
JOSMAN3,,,,
JOSMAN10,,,,
JOSMAN18,,,,
JOSMAN18,,,,
JP_MANOVA18,,,,
7-Jul,,,,
11-Jul,,,,
16-Jul,,,,
KACEM_WAPALEK2,,,,
KACEM_WAPALEK5,,,,
KACEM_WAPALEK14,,,,
KACEM_WAPALEK14,,,,
KALASH7,,,,
KALASH8,,,,
KALASH9,,,,
KALASH_CRIMINEL14,,,,
KALASH_CRIMINEL14,,,,
KALASH_CRIMINEL14,,,,
KALASH_CRIMINEL14,,,,
KALASH_CRIMINEL14,,,,
KALASH_CRIMINEL18,,,,
KALASH_L’AFRO2,,,,
KAMELANCIEN7,,,,
KAMELANCIEN7,,,,
KAMELANCIEN7,,,,
KAMELANCIEN7,,,,
KAMELANCIEN13,,,,
KAMELANCIEN13,,,,
KAMELANCIEN13,,,,
KAMELANCIEN15,,,,
KAMELANCIEN15,,,,
KAMINI4,,,,
KAMINI4,,,,
KAMINI4,,,,
KAMINI4,,,,
KAMINI4,,,,
KARLITO8,,,,
KARLITO9,,,,
KARLITO19,,,,
KEBLACK13,,,,
KEBLACK13,,,,
KEBLACK13,,,,
KEBLACK13,,,,
KEBLACK13,,,,
KEBLACK13,,,,
KEBLACK19,,,,
KEKRA2,,,,
KEKRA15,,,,
KEKRA15,,,,
KEKRA17,,,,
KEKRA17,,,,
KEKRA17,,,,
KEKRA17,,,,
KEKRA17,,,,
KEKRA17,,,,
KOBA_LAD1,,,,
KOBA_LAD1,,,,
KOBA_LAD3,,,,
KOBA_LAD10,,,,
KOHNDO1,,,,
KOMA_(FRA)4,,,,
KOMA_(FRA)5,,,,
KOMA_(FRA)7,,,,
KOMA_(FRA)10,,,,
KOMA_(FRA)10,,,,
KOOL_SHEN16,,,,
LORD_KOSSITY2,,,,
LORD_KOSSITY2,,,,
LORD_KOSSITY14,,,,
LORD_KOSSITY16,,,,
LORD_KOSSITY16,,,,
LORD_KOSSITY16,,,,
LORD_KOSSITY20,,,,
LORD_KOSSITY20,,,,
LORD_KOSSITY20,,,,
LORD_KOSSITY20,,,,
LORD_KOSSITY20,,,,
LORD_KOSSITY20,,,,
LORD_KOSSITY20,,,,
LORD_KOSSITY20,,,,
LACRIM1,,,,
LACRIM6,,,,
LACRIM6,,,,
LACRIM14,,,,
LARRY6,,,,
LARRY6,,,,
LARRY9,,,,
LARRY9,,,,
LARRY17,,,,
LARRY18,,,,
LECK7,,,,
LECK7,,,,
LECK7,,,,
LECK7,,,,
LECK9,,,,
LECK9,,,,
LECK9,,,,
LECK9,,,,
LECK10,,,,
LECK10,,,,
LEEROY9,,,,
LEEROY9,,,,
LEEROY9,,,,
LEEROY9,,,,
LEFA10,,,,
LEFA10,,,,
LEFA10,,,,
LEFA10,,,,
LEFA10,,,,
LEFA10,,,,
FURAX_&_JEFF_LE_NERF6,,,,
FURAX_&_JEFF_LE_NERF6,,,,
FURAX_&_JEFF_LE_NERF6,,,,
FURAX_&_JEFF_LE_NERF11,,,,
FURAX_&_JEFF_LE_NERF11,,,,
LIM2,,,,
LIM2,,,,
LIM2,,,,
LIM4,,,,
LIM8,,,,
LIM8,,,,
LIM8,,,,
LINO16,,,,
LOMEPAL13,,,,
LOMEPAL15,,,,
LORD_ESPERANZA3,,,,
LORD_ESPERANZA3,,,,
LORD_ESPERANZA5,,,,
LORD_ESPERANZA16,,,,
LORD_ESPERANZA16,,,,
LORENZO7,,,,
LORENZO10,,,,
LORENZO10,,,,
JOE_LUCAZZ10,,,,
LUNI2,,,,
LUNI2,,,,
LUNI9,,,,
LUNI11,,,,
LUNI12,,,,
LUNI15,,,,
LUNI15,,,,
LUNI16,,,,
LUNI16,,,,
LUNI16,,,,
LUNI16,,,,
LUNI16,,,,
LUNI16,,,,
MAC_KREGOR7,,,,
MAC_KREGOR7,,,,
MAC_KREGOR7,,,,
MAJ_TRAFYK6,,,,
MAJ_TRAFYK6,,,,
MAJ_TRAFYK6,,,,
MAJ_TRAFYK6,,,,
MAJ_TRAFYK6,,,,
SAM’S1,,,,
SAM’S1,,,,
SAM’S4,,,,
MASKA1,,,,
MASKA16,,,,
EL_MATADOR7,,,,
EL_MATADOR7,,,,
EL_MATADOR8,,,,
EL_MATADOR9,,,,
MC_CIRCULAIRE6,,,,
MC_CIRCULAIRE6,,,,
MC_CIRCULAIRE6,,,,
MC_CIRCULAIRE6,,,,
MC_CIRCULAIRE6,,,,
MC_CIRCULAIRE7,,,,
MC_CIRCULAIRE10,,,,
MC_CIRCULAIRE11,,,,
MC_CIRCULAIRE11,,,,
MC_CIRCULAIRE12,,,,
MC_CIRCULAIRE12,,,,
MC_CIRCULAIRE12,,,,
MC_CIRCULAIRE13,,,,
MC_CIRCULAIRE14,,,,
MC_CIRCULAIRE16,,,,
MC_JANIK2,,,,
MC_JANIK8,,,,
MC_JANIK8,,,,
MC_JANIK8,,,,
MC_JANIK10,,,,
MC_JEAN_GAB’12,,,,
MC_JEAN_GAB’12,,,,
MC_JEAN_GAB’12,,,,
MC_JEAN_GAB’12,,,,
MC_JEAN_GAB’12,,,,
MC_JEAN_GAB’12,,,,
MC_SOLAAR5,,,,
MC_SOLAAR5,,,,
MC_SOLAAR7,,,,
MC_SOLAAR7,,,,
MC_SOLAAR7,,,,
MC_SOLAAR7,,,,
MC_SOLAAR8,,,,
MC_SOLAAR8,,,,
MC_SOLAAR11,,,,
MC_SOLAAR19,,,,
MC_SOLAAR19,,,,
MC_SOLAAR19,,,,
MC_SOLAAR19,,,,
MC_SOLAAR19,,,,
MC_SOLAAR19,,,,
MC_SOLAAR19,,,,
MC_SOLAAR20,,,,
MC_SOLAAR20,,,,
MC_SOLAAR20,,,,
MC_SOLAAR20,,,,
MÉDINE1,,,,
MÉDINE14,,,,
MÉDINE19,,,,
MÉNÉLIK11,,,,
MHD13,,,,
MICHEL13,,,,
MICHEL13,,,,
MICHEL13,,,,
MICHEL16,,,,
MICHEL16,,,,
FUCKLY3,,,,
FUCKLY3,,,,
FUCKLY4,,,,
FUCKLY4,,,,
FUCKLY4,,,,
FUCKLY4,,,,
FUCKLY4,,,,
FUCKLY4,,,,
FUCKLY4,,,,
MISTER_V4,,,,
MISTER_YOU2,,,,
MISTER_YOU2,,,,
MISTER_YOU2,,,,
MISTER_YOU3,,,,
MISTER_YOU8,,,,
MISTER_YOU8,,,,
MISTER_YOU17,,,,
MISTER_YOU17,,,,
MISTER_YOU17,,,,
MOKOBÉ15,,,,
MOKOBÉ15,,,,
MORSAY4,,,,
MORSAY4,,,,
MORSAY4,,,,
MORSAY4,,,,
MORSAY4,,,,
MORSAY4,,,,
MORSAY4,,,,
MORSAY4,,,,
MORSAY4,,,,
MORSAY4,,,,
MORSAY4,,,,
MORSAY4,,,,
MORSAY4,,,,
MORSAY4,,,,
MORSAY4,,,,
MORSAY4,,,,
MORSAY4,,,,
MORSAY7,,,,
MORSAY11,,,,
MORSAY11,,,,
MORSAY11,,,,
MORSAY11,,,,
MORSAY11,,,,
MORSAY11,,,,
MORSAY11,,,,
MORSAY11,,,,
MORSAY11,,,,
MORSAY11,,,,
MORSAY11,,,,
MORSAY11,,,,
MORSAY11,,,,
MORSAY11,,,,
MORSAY11,,,,
MORSAY11,,,,
MORSAY11,,,,
MORSAY11,,,,
MORSAY11,,,,
MORSAY11,,,,
MORSAY11,,,,
MORSAY11,,,,
MORSAY11,,,,
MORSAY11,,,,
MORSAY11,,,,
MORSAY11,,,,
MORSAY11,,,,
MORSAY11,,,,
MORSAY11,,,,
MORSAY11,,,,
MORSAY11,,,,
MORSAY11,,,,
MORSAY11,,,,
MORSAY11,,,,
MORSAY11,,,,
MORSAY11,,,,
MORSAY11,,,,
MORSAY14,,,,
MORSAY17,,,,
MORSAY17,,,,
MORSAY17,,,,
MYSTIK4,,,,
MYSTIK4,,,,
MYSTIK7,,,,
MYSTIK8,,,,
MYSTIK8,,,,
MYSTIK8,,,,
NAKK_MENDOSA9,,,,
NAKK_MENDOSA9,,,,
NAKK_MENDOSA9,,,,
NAKK_MENDOSA17,,,,
NAKK_MENDOSA17,,,,
NAPS1,,,,
NAPS1,,,,
NAPS1,,,,
NAPS4,,,,
NAPS10,,,,
NAPS10,,,,
NAPS14,,,,
NAZA18,,,,
NEG’LYRICAL1,,,,
NEG’LYRICAL1,,,,
NEG’LYRICAL3,,,,
NEG’LYRICAL3,,,,
NEG’LYRICAL3,,,,
NEG’LYRICAL3,,,,
NEKFEU3,,,,
NEKFEU3,,,,
NEKFEU3,,,,
NÉPAL2,,,,
NÉPAL2,,,,
NÉPAL2,,,,
NÉPAL2,,,,
NÉPAL3,,,,
NÉPAL3,,,,
NÉPAL4,,,,
NÉPAL8,,,,
NÉPAL8,,,,
NÉPAL8,,,,
NÉPAL10,,,,
NESSBEAL6,,,,
NESSBEAL9,,,,
NESSBEAL13,,,,
NESSBEAL13,,,,
NESSBEAL13,,,,
NINHO11,,,,
NINHO11,,,,
NINHO11,,,,
NINHO19,,,,
NIRO20,,,,
NUBI7,,,,
OBOY14,,,,
OBOY14,,,,
OGB10,,,,
PANAMA_BENDE4,,,,
PANAMA_BENDE12,,,,
PANAMA_BENDE16,,,,
PANAMA_BENDE16,,,,
PASSI4,,,,
PASSI4,,,,
PASSI4,,,,
PASSI9,,,,
AL_PECO1,,,,
AL_PECO12,,,,
AL_PECO13,,,,
AL_PECO16,,,,
AL_PECO19,,,,
PIHPOH4,,,,
PIHPOH4,,,,
PIHPOH4,,,,
PIHPOH13,,,,
PIHPOH16,,,,
PILOOPHAZ4,,,,
PILOOPHAZ5,,,,
PILOOPHAZ5,,,,
PILOOPHAZ5,,,,
PILOOPHAZ5,,,,
PILOOPHAZ6,,,,
PILOOPHAZ7,,,,
PILOOPHAZ7,,,,
PILOOPHAZ7,,,,
PILOOPHAZ7,,,,
PILOOPHAZ9,,,,
PILOOPHAZ10,,,,
PILOOPHAZ10,,,,
PILOOPHAZ11,,,,
PILOOPHAZ15,,,,
PILOOPHAZ17,,,,
PILOOPHAZ17,,,,
PILOOPHAZ19,,,,
PILOOPHAZ19,,,,
EDDY_DE_PRETTO14,,,,
EDDY_DE_PRETTO14,,,,
MONSIEUR_R2,,,,
MONSIEUR_R2,,,,
LE_RAT_LUCIANO4,,,,
LE_RAT_LUCIANO16,,,,
LE_RAT_LUCIANO16,,,,
RIDSA1,,,,
RIDSA13,,,,
RIDSA14,,,,
RIDSA15,,,,
RIDSA16,,,,
RIDSA16,,,,
RIDSA16,,,,
RIDSA18,,,,
RIDSA18,,,,
RILÈS19,,,,
RILÈS19,,,,
RISKI1,,,,
RISKI4,,,,
RISKI4,,,,
RISKI4,,,,
RISKI4,,,,
RISKI4,,,,
RISKI4,,,,
RISKI6,,,,
ROCCA8,,,,
ROCCA8,,,,
ROCCA11,,,,
ROCCA11,,,,
ROCÉ_(FRA)5,,,,
ROCÉ_(FRA)8,,,,
ROCÉ_(FRA)10,,,,
ROCÉ_(FRA)10,,,,
ROCÉ_(FRA)12,,,,
ROCÉ_(FRA)12,,,,
ROCÉ_(FRA)12,,,,
ROCÉ_(FRA)13,,,,
ROHFF5,,,,
ROHFF5,,,,
ROHFF10,,,,
ROHFF10,,,,
ROHFF10,,,,
ROHFF10,,,,
ROUDA10,,,,
ROUDA10,,,,
ROUDA10,,,,
ROUDA11,,,,
ROUDA11,,,,
SADEK2,,,,
SADEK2,,,,
SADEK17,,,,
SADEK19,,,,
SADEK19,,,,
SALIF2,,,,
SALIF14,,,,
SIR_SAMUEL5,,,,
SIR_SAMUEL9,,,,
SAT_L’ARTIFICIER3,,,,
SAT_L’ARTIFICIER3,,,,
SAT_L’ARTIFICIER15,,,,
SAT_L’ARTIFICIER15,,,,
SAUVEUR_ELOHEEM1,,,,
SAUVEUR_ELOHEEM2,,,,
SAUVEUR_ELOHEEM6,,,,
SAUVEUR_ELOHEEM7,,,,
SAUVEUR_ELOHEEM7,,,,
SAUVEUR_ELOHEEM10,,,,
SAUVEUR_ELOHEEM11,,,,
SAUVEUR_ELOHEEM14,,,,
SAUVEUR_ELOHEEM15,,,,
SAUVEUR_ELOHEEM17,,,,
SAUVEUR_ELOHEEM18,,,,
SAUVEUR_ELOHEEM19,,,,
SAUVEUR_ELOHEEM20,,,,
SCH17,,,,
SCH17,,,,
SEFYU1,,,,
SEFYU1,,,,
SEFYU1,,,,
SEFYU1,,,,
SEFYU1,,,,
SEFYU1,,,,
SEFYU11,,,,
SEFYU11,,,,
SHONE8,,,,
SHONE8,,,,
SHONE9,,,,
SHONE9,,,,
SHONE10,,,,
SHONE10,,,,
SHONE10,,,,
SHONE10,,,,
SIBOY15,,,,
SINIK1,,,,
SINIK1,,,,
SINIK1,,,,
SINIK6,,,,
SINIK6,,,,
SINIK7,,,,
SINIK10,,,,
SINIK11,,,,
SINIK13,,,,
SINIK13,,,,
SINIK14,,,,
SINIK14,,,,
SINIK14,,,,
SIX10,,,,
SIX10,,,,
SIX10,,,,
SIX10,,,,
SNEAZZY4,,,,
SNEAZZY4,,,,
SNEAZZY6,,,,
SNEAZZY9,,,,
SNEAZZY9,,,,
SNEAZZY10,,,,
SNEAZZY16,,,,
SNEAZZY17,,,,
SNEAZZY17,,,,
SOON_E_MC2,,,,
SOON_E_MC3,,,,
SOON_E_MC8,,,,
SOPRANO9,,,,
SOSO_MANESS9,,,,
SOSO_MANESS11,,,,
SOSO_MANESS12,,,,
SOSO_MANESS12,,,,
SOSO_MANESS13,,,,
SOSO_MANESS13,,,,
SOSO_MANESS19,,,,
S.PRI_NOIR8,,,,
S.PRI_NOIR8,,,,
S.PRI_NOIR8,,,,
S.PRI_NOIR14,,,,
STILL_FRESH2,,,,
STILL_FRESH2,,,,
STILL_FRESH2,,,,
STILL_FRESH4,,,,
STILL_FRESH5,,,,
STILL_FRESH10,,,,
STILL_FRESH10,,,,
STILL_FRESH10,,,,
SULTAN4,,,,
SULTAN4,,,,
SULTAN4,,,,
SULTAN4,,,,
SULTAN10,,,,
SULTAN14,,,,
SULTAN14,,,,
SULTAN14,,,,
SWAGG_MAN17,,,,
TEKI_LATEX6,,,,
TEKI_LATEX12,,,,
TEKI_LATEX12,,,,
TEKI_LATEX20,,,,
TIMAL1,,,,
TIMAL20,,,,
TIMAL20,,,,
MARTIAL_TRICOCHE10,,,,
TSEW_THE_KID8,,,,
TSEW_THE_KID8,,,,
TUNISIANO14,,,,
TUNISIANO19,,,,
TUNISIANO19,,,,
VALD17,,,,
VALD17,,,,
VICELOW4,,,,
VICELOW4,,,,
VICELOW9,,,,
VICELOW9,,,,
VICELOW11,,,,
VICELOW11,,,,
VICELOW11,,,,
VICELOW11,,,,
VICELOW11,,,,
VICELOW11,,,,
VINCHA2,,,,
VINCHA4,,,,
WACKO1,,,,
WACKO1,,,,
WACKO1,,,,
WACKO1,,,,
WACKO1,,,,
WACKO4,,,,
WACKO9,,,,
WACKO13,,,,
WACKO13,,,,
WACKO13,,,,
WACKO13,,,,
WACKO13,,,,
WACKO13,,,,
WACKO13,,,,
WACKO13,,,,
WACKO18,,,,
WACKO20,,,,
NEKFEU_&_ALPHA_WANN7,,,,
NEKFEU_&_ALPHA_WANN8,,,,
YANNICK5,,,,
YANNICK5,,,,
YOUNG_CHANG_MC10,,,,
YOUNG_CHANG_MC10,,,,
YOUSSOUPHA9,,,,
YOUSSOUPHA9,,,,
YOUSSOUPHA9,,,,
YOUSSOUPHA9,,,,
YOUSSOUPHA9,,,,
YOUSSOUPHA9,,,,
YOUSSOUPHA15,,,,
YOUSSOUPHA15,,,,
YOUSSOUPHA15,,,,
YOUSSOUPHA15,,,,
YOUSSOUPHA15,,,,
YOUSSOUPHA17,,,,
YOUSSOUPHA17,,,,
YOUSSOUPHA17,,,,
YOUSSOUPHA19,,,,
YOUSSOUPHA19,,,,
ZESAU6,,,,
ZESAU7,,,,
ZESAU7,,,,
DARRYL_ZEUJA4,,,,
DARRYL_ZEUJA14,,,,
ZOLA2,,,,
ZOLA12,,,,
ZOLA12,,,,
ZOXEA5,,,,
ZOXEA5,,,,
ZOXEA5,,,,
ZOXEA5,,,,
ZOXEA7,,,,
ZOXEA7,,,,
ZOXEA15,,,,
A2H4,,,,
A2H7,,,,
A2H7,,,,
KEROUÉ10,,,,
KEROUÉ10,,,,
KEROUÉ11,,,,
KEROUÉ11,,,,
KEROUÉ11,,,,
KEROUÉ11,,,,
KEROUÉ11,,,,
KEROUÉ11,,,,
KEROUÉ11,,,,
KEROUÉ11,,,,
ESPIIEM17,,,,
SOPICO12,,,,
VEERUS1,,,,
VEERUS6,,,,
VEERUS6,,,,
VEERUS8,,,,
VEERUS9,,,,
VEERUS17,,,,
VEERUS17,,,,
CARPE_DIEM6,,,,
CARPE_DIEM6,,,,
VEUST3,,,,
VEUST3,,,,
VEUST7,,,,
HESKIS9,,,,
HESKIS11,,,,
HESKIS11,,,,
HESKIS11,,,,
HESKIS14,,,,
JAROD11,,,,
JAROD11,,,,
JAROD12,,,,
JAROD18,,,,
TIERS10,,,,
TIERS10,,,,
TIERS17,,,,
LACRAPS4,,,,
LACRAPS6,,,,
LACRAPS6,,,,
LACRAPS6,,,,
LACRAPS10,,,,
LACRAPS10,,,,
LACRAPS12,,,,
MOKLESS5,,,,
MOKLESS8,,,,
MOKLESS14,,,,
MOKLESS14,,,,
MOKLESS18,,,,
KORIASS3,,,,
KORIASS4,,,,
KORIASS7,,,,
KORIASS13,,,,
KORIASS13,,,,
KORIASS13,,,,
KORIASS17,,,,
KORIASS17,,,,
KORIASS18,,,,
KORIASS18,,,,
DESPO_RUTTI2,,,,
DESPO_RUTTI3,,,,
DESPO_RUTTI3,,,,
DESPO_RUTTI3,,,,
DESPO_RUTTI13,,,,
WALTMANN11,,,,
WALTMANN11,,,,
DOUMS9,,,,
DOUMS18,,,,
LALCKO6,,,,
SENAMO5,,,,
SENAMO7,,,,
SENAMO16,,,,
SO_CLOCK17,,,,
SO_CLOCK20,,,,
FONKY_FLAV’8,,,,
TAÏPAN15,,,,
TAÏPAN16,,,,
TAÏPAN16,,,,
TAÏPAN17,,,,
TAÏRO6,,,,
TAÏRO6,,,,
TAÏRO8,,,,
TAÏRO8,,,,
SPIDER_ZED9,,,,
SPIDER_ZED11,,,,
FRAMAL_&_MEKRA2,,,,
FRAMAL_&_MEKRA2,,,,
LADEA2,,,,
LADEA2,,,,
LADEA7,,,,
LADEA12,,,,
LADEA12,,,,
LADEA16,,,,
LADEA18,,,,
LADEA18,,,,
LADEA18,,,,
LADEA18,,,,
LADEA18,,,,
LADEA18,,,,
LADEA18,,,,
LADEA18,,,,
LADEA18,,,,
B-LEL3,,,,
B-LEL12,,,,
B-LEL14,,,,
B-LEL15,,,,
B-LEL17,,,,
B-LEL20,,,,
FAYÇAL2,,,,
FAYÇAL3,,,,
FAYÇAL3,,,,
FAYÇAL5,,,,
FAYÇAL7,,,,
FAYÇAL7,,,,
FAYÇAL7,,,,
FAYÇAL7,,,,
FAYÇAL7,,,,
FAYÇAL10,,,,
FAYÇAL10,,,,
<U+200B>LUXE6,,,,
<U+200B>LUXE9,,,,
<U+200B>LUXE10,,,,
<U+200B>LUXE10,,,,
<U+200B>LUXE11,,,,
<U+200B>LUXE11,,,,
<U+200B>LUXE12,,,,
<U+200B>LUXE12,,,,
<U+200B>LUXE13,,,,
<U+200B>LUXE17,,,,
<U+200B>LUXE18,,,,
DAVODKA9,,,,
DAVODKA11,,,,
DAVODKA14,,,,
DAVODKA15,,,,
DAVODKA15,,,,
DAVODKA18,,,,
DAVODKA18,,,,
DAVODKA18,,,,
YNNEK6,,,,
YNNEK6,,,,
YNNEK6,,,,
YNNEK6,,,,
TITO_PRINCE10,,,,
TITO_PRINCE10,,,,
TITO_PRINCE14,,,,
TITO_PRINCE14,,,,
TITO_PRINCE14,,,,
TITO_PRINCE14,,,,
TITO_PRINCE14,,,,
TITO_PRINCE14,,,,
TITO_PRINCE14,,,,
TITO_PRINCE14,,,,
TITO_PRINCE14,,,,
ESSO_LUXUEUX5,,,,
ESSO_LUXUEUX5,,,,
ESSO_LUXUEUX6,,,,
ESSO_LUXUEUX12,,,,
ESSO_LUXUEUX12,,,,
OUMAR4,,,,
OUMAR13,,,,
OUMAR13,,,,
OUMAR13,,,,
OUMAR13,,,,
GIMS9,,,,
GIMS12,,,,
GIMS15,,,,
BARACK_ADAMA10,,,,
BARACK_ADAMA10,,,,
CASEY7,,,,
CASEY17,,,,
ELI_MC2,,,,
ELI_MC4,,,,
ELI_MC5,,,,
ELI_MC7,,,,
ELI_MC7,,,,
ELI_MC7,,,,
ELI_MC8,,,,
ELI_MC10,,,,
ELI_MC10,,,,
ELI_MC14,,,,
ELI_MC16,,,,
ELI_MC17,,,,
ELI_MC17,,,,
TONIO_MC3,,,,
TONIO_MC10,,,,
TONIO_MC11,,,,
TONIO_MC12,,,,
KOBO15,,,,
KOBO15,,,,
KOBO18,,,,
KOBO18,,,,
KOBO18,,,,
KOBO18,,,,
KOBO18,,,,
KOBO18,,,,
KOBO18,,,,
KOBO18,,,,
KOBO18,,,,
KOBO18,,,,
KOBO18,,,,
KOBO18,,,,
LESRAM1,,,,
LESRAM10,,,,
LESRAM18,,,,
TENGO_JOHN4,,,,
TENGO_JOHN4,,,,
TENGO_JOHN8,,,,
TENGO_JOHN8,,,,
TENGO_JOHN8,,,,
TENGO_JOHN8,,,,
TENGO_JOHN19,,,,
TENGO_JOHN19,,,,
DI-MEH5,,,,
DI-MEH5,,,,
DI-MEH8,,,,
DI-MEH8,,,,
DI-MEH8,,,,
DI-MEH8,,,,
DI-MEH8,,,,
DI-MEH8,,,,
DI-MEH8,,,,
DI-MEH8,,,,
DI-MEH8,,,,
DI-MEH10,,,,
INFINIT’9,,,,
INFINIT’10,,,,
INFINIT’10,,,,
INFINIT’10,,,,
INFINIT’13,,,,
INFINIT’13,,,,
INFINIT’20,,,,
AKRO2,,,,
AKRO2,,,,
AKRO2,,,,
AKRO2,,,,
AKRO2,,,,
BALOJI14,,,,
BALOJI15,,,,
BENNY_B3,,,,
BENNY_B3,,,,
HAMZA4,,,,
HAMZA4,,,,
MOCHÉLAN2,,,,
MOCHÉLAN2,,,,
MOCHÉLAN2,,,,
MOCHÉLAN3,,,,
MOCHÉLAN3,,,,
MOCHÉLAN6,,,,
MOCHÉLAN6,,,,
UMAN9,,,,
UMAN9,,,,
STROMAE20,,,,
STROMAE20,,,,
STROMAE20,,,,
STROMAE20,,,,
STROMAE20,,,,
STROMAE20,,,,
STROMAE20,,,,
STROMAE20,,,,
DAMSO6,,,,
DAMSO6,,,,
DAMSO7,,,,
DAMSO12,,,,
DAMSO12,,,,
2_BAL4,,,,
2_BAL4,,,,
2_BAL4,,,,
2_BAL4,,,,
5_MAJEUR11,,,,
13_BLOCK5,,,,
13_BLOCK5,,,,
13_BLOCK15,,,,
ALLIANCE_ETHNIK1,,,,
ALLIANCE_ETHNIK7,,,,
L’ANIMALERIE4,,,,
L’ANIMALERIE5,,,,
L’ANIMALERIE10,,,,
L’ANIMALERIE11,,,,
L’ANIMALERIE13,,,,
L’ANIMALERIE14,,,,
L’ANIMALERIE14,,,,
L’ANIMALERIE14,,,,
L’ANIMALERIE14,,,,
L’ANIMALERIE14,,,,
L’ANIMALERIE14,,,,
L’ANIMALERIE14,,,,
L’ANIMALERIE14,,,,
L’ANIMALERIE19,,,,
L’ARMÉE_DES_128,,,,
L’ARMÉE_DES_128,,,,
L’ARMÉE_DES_128,,,,
L’ARMÉE_DES_128,,,,
L’ARMÉE_DES_128,,,,
L’ARMÉE_DES_128,,,,
L’ARMÉE_DES_128,,,,
L’ARMÉE_DES_128,,,,
L’ARMÉE_DES_128,,,,
L’ARMÉE_DES_128,,,,
L’ARMÉE_DES_128,,,,
L’ARMÉE_DES_1211,,,,
L’ARMÉE_DES_1211,,,,
L’ARMÉE_DES_1211,,,,
ÄRSENIK2,,,,
ÄRSENIK2,,,,
ÄRSENIK2,,,,
ÄRSENIK14,,,,
ÄRSENIK15,,,,
ASSASSIN_(FRA)7,,,,
ASSASSIN_(FRA)7,,,,
ASSASSIN_(FRA)9,,,,
ASSASSIN_(FRA)12,,,,
ASSASSIN_(FRA)12,,,,
ASSASSIN_(FRA)17,,,,
ASSASSIN_(FRA)17,,,,
ASSASSIN_(FRA)17,,,,
ASSASSIN_(FRA)17,,,,
L’ATELIER1,,,,
L’ATELIER8,,,,
L’ATELIER12,,,,
L’ATELIER12,,,,
L’ATELIER12,,,,
BEAT_DE_BOUL6,,,,
BEAT_DE_BOUL8,,,,
BEAT_DE_BOUL9,,,,
BEAT_DE_BOUL10,,,,
BIGFLO_&_OLI5,,,,
BIGFLO_&_OLI11,,,,
BIGFLO_&_OLI13,,,,
BIGFLO_&_OLI13,,,,
BIGFLO_&_OLI13,,,,
BIGFLO_&_OLI18,,,,
BIGFLO_&_OLI18,,,,
BISSO_NA_BISSO2,,,,
LA_BRIGADE4,,,,
LA_BRIGADE4,,,,
ALKPOTE_&_BUTTER_BULLETS6,,,,
ALKPOTE_&_BUTTER_BULLETS9,,,,
LA_CANAILLE1,,,,
LA_CANAILLE10,,,,
LA_CANAILLE10,,,,
LA_CANAILLE12,,,,
LA_CANAILLE13,,,,
LA_CANAILLE13,,,,
CARIBBEAN_DANDEE6,,,,
CARIBBEAN_DANDEE11,,,,
CARIBBEAN_DANDEE11,,,,
CARRÉ_ROUGE3,,,,
CARRÉ_ROUGE3,,,,
CARRÉ_ROUGE3,,,,
CARRÉ_ROUGE3,,,,
CASSEURS_FLOWTERS20,,,,
CASSEURS_FLOWTERS20,,,,
LA_CAUTION6,,,,
LA_CAUTION6,,,,
CHIENS_DE_PAILLE10,,,,
CHIENS_DE_PAILLE10,,,,
CHIENS_DE_PAILLE10,,,,
CHIENS_DE_PAILLE10,,,,
CHIENS_DE_PAILLE14,,,,
CHIENS_DE_PAILLE14,,,,
CHIENS_DE_PAILLE15,,,,
CHIENS_DE_PAILLE15,,,,
CHIENS_DE_PAILLE15,,,,
CHIENS_DE_PAILLE15,,,,
LA_CLINIQUE6,,,,
LA_CLINIQUE6,,,,
LA_CLINIQUE6,,,,
LA_CLINIQUE9,,,,
LA_CLINIQUE9,,,,
LA_CLINIQUE13,,,,
LA_CLINIQUE13,,,,
LA_CLINIQUE13,,,,
LA_CLINIQUE13,,,,
LA_CLINIQUE16,,,,
LA_CLINIQUE16,,,,
LA_CLINIQUE18,,,,
LA_CLINIQUE18,,,,
LA_CLINIQUE18,,,,
LA_CLINIQUE18,,,,
LA_CLIQUA2,,,,
LA_CLIQUA15,,,,
LA_CLIQUA15,,,,
LA_CLIQUA15,,,,
DÉMOCRATES_D11,,,,
DICIDENS14,,,,
DICIDENS14,,,,
DJADJA_&_DINAZ10,,,,
DSL3,,,,
DSL7,,,,
DTF6,,,,
DTF6,,,,
L’ENTOURAGE8,,,,
L’ENTOURAGE14,,,,
L’ENTOURAGE15,,,,
L’ENTOURAGE15,,,,
L’ENTOURAGE20,,,,
EXPLICIT_SAMOURAÏ4,,,,
EXPLICIT_SAMOURAÏ5,,,,
EXPLICIT_SAMOURAÏ5,,,,
EXPRESSION_DIREKT4,,,,
EXPRESSION_DIREKT4,,,,
FABULOUS_TROBADORS2,,,,
FABULOUS_TROBADORS2,,,,
FABULOUS_TROBADORS3,,,,
FABULOUS_TROBADORS3,,,,
FABULOUS_TROBADORS3,,,,
FABULOUS_TROBADORS3,,,,
FABULOUS_TROBADORS3,,,,
FABULOUS_TROBADORS6,,,,
FABULOUS_TROBADORS6,,,,
FABULOUS_TROBADORS6,,,,
FABULOUS_TROBADORS8,,,,
FABULOUS_TROBADORS9,,,,
FABULOUS_TROBADORS9,,,,
FABULOUS_TROBADORS10,,,,
FABULOUS_TROBADORS10,,,,
FABULOUS_TROBADORS10,,,,
LA_FANFARE_EN_PÉTARD1,,,,
LA_FANFARE_EN_PÉTARD1,,,,
L’SKADRILLE3,,,,
SMOKEY_JOE_&_THE_KID6,,,,
SOUL_SWING2,,,,
SOUL_SWING3,,,,
SOUL_SWING9,,,,
SPOKE_ORKESTRA3,,,,
SPOKE_ORKESTRA4,,,,
SPOKE_ORKESTRA4,,,,
SPOKE_ORKESTRA4,,,,
SPOKE_ORKESTRA8,,,,
SPOKE_ORKESTRA10,,,,
SPOKE_ORKESTRA10,,,,
SPOKE_ORKESTRA10,,,,
SPOKE_ORKESTRA10,,,,
SPOKE_ORKESTRA10,,,,
SPOKE_ORKESTRA10,,,,
SPOKE_ORKESTRA10,,,,
SPOKE_ORKESTRA11,,,,
SPOKE_ORKESTRA11,,,,
SPOKE_ORKESTRA16,,,,
SPOKE_ORKESTRA16,,,,
SPOKE_ORKESTRA16,,,,
SPOKE_ORKESTRA16,,,,
SPOKE_ORKESTRA16,,,,
SPOKE_ORKESTRA16,,,,
SPOKE_ORKESTRA16,,,,
SPOKE_ORKESTRA16,,,,
SPOKE_ORKESTRA16,,,,
SPOKE_ORKESTRA16,,,,
SPOKE_ORKESTRA16,,,,
SPOKE_ORKESTRA16,,,,
SPOKE_ORKESTRA16,,,,
SPOKE_ORKESTRA16,,,,
SPOKE_ORKESTRA16,,,,
SPOKE_ORKESTRA19,,,,
SPOKE_ORKESTRA19,,,,
SPOKE_ORKESTRA20,,,,
SPOKE_ORKESTRA20,,,,
SPOKE_ORKESTRA20,,,,
SPOKE_ORKESTRA20,,,,
STUPEFLIP1,,,,
STUPEFLIP1,,,,
STUPEFLIP10,,,,
STUPEFLIP13,,,,
SUPRÊME_NTM3,,,,
SUPRÊME_NTM3,,,,
SUPRÊME_NTM3,,,,
TANDEM12,,,,
TANDEM12,,,,
TANDEM12,,,,
TEAM_BS6,,,,
TEAM_BS6,,,,
TEAM_BS7,,,,
TEAM_BS13,,,,
TEAM_BS13,,,,
THERAPIE_TAXI9,,,,
TIME_BOMB_(FRA)2,,,,
TIME_BOMB_(FRA)3,,,,
UNITÉ_2_FEU5,,,,
UNITÉ_2_FEU5,,,,
UNITÉ_2_FEU9,,,,
UNITÉ_2_FEU9,,,,
LE_7719,,,,
OPAK2,,,,
STARFLAM17,,,,
SHAY14,,,,
KENY_ARKANA4,,,,
KENY_ARKANA4,,,,
KENY_ARKANA5,,,,
KENY_ARKANA6,,,,
KENY_ARKANA12,,,,
KENY_ARKANA12,,,,
KENY_ARKANA18,,,,
KENY_ARKANA18,,,,
CHILLA8,,,,
CHILLA10,,,,
CHILLA14,,,,
LE_JUIICE3,,,,
LE_JUIICE3,,,,
LE_JUIICE10,,,,
LE_JUIICE10,,,,
LE_JUIICE10,,,,
K-REEN10,,,,
LADY_LAISTEE3,,,,
LADY_LAISTEE5,,,,
MERYL9,,,,
LIZA_MONET5,,,,
LIZA_MONET5,,,,
LIZA_MONET5,,,,
LIZA_MONET5,,,,
LIZA_MONET5,,,,
LIZA_MONET5,,,,
LIZA_MONET5,,,,
LIZA_MONET5,,,,
LIZA_MONET5,,,,
LIZA_MONET5,,,,
LIZA_MONET5,,,,
LIZA_MONET5,,,,
LIZA_MONET5,,,,
LIZA_MONET5,,,,
LIZA_MONET5,,,,
LIZA_MONET5,,,,
LIZA_MONET5,,,,
LIZA_MONET5,,,,
LIZA_MONET5,,,,
LIZA_MONET5,,,,
LIZA_MONET7,,,,
LIZA_MONET7,,,,
LIZA_MONET7,,,,
LIZA_MONET13,,,,
LIZA_MONET20,,,,
LIZA_MONET20,,,,
LIZA_MONET20,,,,
LIZA_MONET20,,,,
LIZA_MONET20,,,,
LIZA_MONET20,,,,
LIZA_MONET20,,,,
LIZA_MONET20,,,,
LIZA_MONET20,,,,
LIZA_MONET20,,,,
LIZA_MONET20,,,,
LIZA_MONET20,,,,
LIZA_MONET20,,,,
LIZA_MONET20,,,,
LIZA_MONET20,,,,
LIZA_MONET20,,,,
SALIHA4,,,,
SALIHA4,,,,
SALLY4,,,,
ALOÏSE_SAUVAGE1,,,,
ALOÏSE_SAUVAGE1,,,,
ALOÏSE_SAUVAGE1,,,,
ALOÏSE_SAUVAGE11,,,,
ALOÏSE_SAUVAGE11,,,,
ALOÏSE_SAUVAGE11,,,,
ALOÏSE_SAUVAGE11,,,,
ALOÏSE_SAUVAGE11,,,,
ALOÏSE_SAUVAGE11,,,,
ALOÏSE_SAUVAGE11,,,,
ALOÏSE_SAUVAGE11,,,,
ALOÏSE_SAUVAGE11,,,,
WALLEN14,,,,
WALLEN20,,,,
WALLEN20,,,,
