bigram,n
de la,7434801
de l'',4402688
à la,3043496
Vous pouvez,2308515
à l'',1873129
d'' une,1861261
et de,1471613
dans le,1404681
d'' un,1344934
liste de,1284530
consulter la,1246160
une liste,1223147
et des,1211209
de tâches,1203067
dans la,1112625
sur le,996046
Cet article,989657
la liste,883467
est un,857073
dans les,853453
pas de,843496
qu'' il,806568
cet article,800147
c'' est,793605
liste des,774801
par exemple,770156
sur la,754121
la page,751614
et les,750423
et le,749408
de Wikipédia,742922
et la,742776
Wikipédia en,723494
a été,718831
du travail,714549
les pages,709260
est une,676478
le contenu,668154
par les,663476
article ou,661913
pour but,660296
de projets,657150
pour prendre,657021
contenu de,656672
des objectifs,654694
ont pour,654190
travail des,652443
des tâches,652020
pages de,650579
par le,650212
la coordination,649342
Les projets,645862
des contributeurs,645502
visiter les,645296
projets pour,644845
pouvez modifier,644632
but d,644474
aidant à,644321
en aidant,644120
enrichir le,644078
projets ont,644022
tâches et,643968
coordination du,643836
conseil ou,643586
ou visiter,643496
ou consulter,643385
prendre conseil,643324
modifier directement,643307
directement cet,643220
sous forme,638200
forme d'',637676
dans l'',626498
d'' aide,618412
page d'',613039
sur les,608161
de liste,606311
article ne,606176
à puces,605481
tâches à,604948
à accomplir,604780
pouvez aussi,604339
liste à,603008
ne comporte,602734
exemple sous,602131
puis sauvegarder,601880
comporte pas,600876
pour les,600805
saisir une,599829
aussi consulter,599755
pouvez saisir,599734
tâches suggérées,599496
de l,588172
est la,582954
il est,581341
pour la,579095
n'' est,576988
par la,561475
C'' est,526450
que les,519535
de son,517272
que le,503980
pour le,461451
l'' article,454748
Il est,446945
est pas,443796
que la,437008
consulté le,431872
article est,430259
ce qui,427902
selon les,419762
et l'',410826
y a,408984
est le,400967
en l,399046
connaissances en,395848
de ses,395554
vos connaissances,394644
partager vos,393980
tous les,393956
pouvez partager,393283
dans un,391539
et d'',389586
par l'',382446
et à,372257
de France,357437
les recommandations,347147
plus de,340438
de ce,339436
de cette,333941
sur l'',331125
des projets,329455
de sa,320715
à un,319906
à une,318276
la bienvenue,315577
aide est,314056
Votre aide,313158
en ligne,310802
avec le,305777
recommandations des,303921
projets correspondants,303366
pour l'',302335
d'' autres,295048
et en,294294
il y,288338
qui est,286650
j'' ai,285951
dans une,285797
avec les,283069
ainsi que,281360
que l'',270464
par un,268758
et du,265495
Cette section,263727
la première,263517
Comment faire,262985
section est,262677
qui a,261505
est vide,261030
ou incomplète,259780
détaillée ou,259686
insuffisamment détaillée,259668
ont été,258792
n'' a,257879
la ville,256957
la suite,251105
à partir,250684
avec la,247278
il a,245027
le plus,244648
en France,244446
de ces,243598
le site,243004
à des,240055
s'' est,238960
par des,238871
la fin,232306
du monde,229264
mise en,228494
et une,226427
lors de,225514
est de,223022
qu'' elle,222966
et un,220905
les plus,215057
partir de,213077
ou de,209913
partie de,209761
avec un,209076
la commune,208361
qui se,207040
de leur,206850
ce que,205504
toutes les,203322
il n'',202941
un des,202038
un peu,200928
a pas,200312
les deux,197916
avec des,195961
à l,194449
le nom,194026
le monde,187799
sous le,187308
que je,187157
avec une,187039
avec l'',186270
le premier,185857
à son,184054
d'' être,184034
qu'' ils,182881
sur un,181140
entre les,180901
par une,180101
que vous,179518
de plus,177839
est l'',177104
la France,176300
Il a,175208
où il,174780
la vie,173051
nom de,172425
s'' agit,170246
à ce,170232
de faire,168871
de Paris,168225
il s'',168224
qu'' on,168113
peut être,167592
est à,166321
l'' année,165731
sur une,164255
le cadre,164201
la population,163294
les projets,162066
né le,161614
il faut,160890
J'' ai,160426
de se,160130
pour un,160011
afin de,159257
la région,158755
l'' un,158550
la famille,157466
pour une,156948
nombre de,156249
est en,156103
ne sont,155661
la même,155387
qu'' un,152990
issu de,150717
qui ne,150550
est indexé,150152
indexé par,150107
la plus,150101
plus tard,150041
dans des,150023
il ne,149952
je ne,148969
lire en,148566
ou en,148106
ne pas,147967
l'' histoire,147663
n'' y,147616
elle est,147373
à Paris,147126
et qui,146492
de votre,145797
des années,145749
de nombreux,145130
le code,144878
au sein,144447
la guerre,144392
dans sa,144221
fin de,143852
à sa,143779
qu'' une,143330
les autres,142470
qui s'',141079
les années,140969
Bibliothèque nationale,139817
et son,139469
Si vous,138931
de cet,138435
qui ont,138240
sous la,138192
pas à,136742
Elle est,136344
en place,134504
l'' ensemble,134347
la société,134019
près de,132274
ne peut,131445
ce qu'',131248
que ce,130705
nationale de,130485
au cours,129848
Il y,129847
et que,129805
a et,129415
alors que,128792
modifier le,128079
dans son,126630
Il s'',125610
cours de,125032
que nous,124974
qui n'',124603
à travers,124317
la loi,123652
l'' autre,123261
une nouvelle,122656
sur des,122137
et au,122084
l'' équipe,121592
le cas,120931
que l''on,120738
ou d'',119133
de deux,118496
en tant,118268
article de,118138
de leurs,117921
sont les,117878
sont pas,117345
mais aussi,117245
à cette,116854
une ébauche,116728
site de,116532
grâce à,115947
et il,115836
une des,115739
comme le,115330
comme un,115031
ébauche concernant,114959
Dans le,114934
la saison,114890
permet de,114604
le même,114486
vous avez,114421
en plus,114265
et ses,114070
que j'',113151
cas de,112961
ceux qui,112821
de La,112710
ville de,112493
je suis,112210
dont le,111952
dans ce,111694
qui sont,111356
la mise,111207
tant que,110853
moins de,110039
après la,109602
de nombreuses,109193
par rapport,108995
il se,107666
que des,107288
un autre,107051
du groupe,106951
en anglais,106307
la République,106238
et se,106192
d'' abord,106112
avant de,106053
le temps,104706
le titre,104606
et dans,103498
l'' eau,101656
l'' époque,101644
se trouve,101552
la création,101375
que de,101141
se sont,100151
la mort,100135
point de,99987
contre les,99977
en particulier,99882
l'' État,99583
si vous,98984
d'' eau,98879
En effet,98838
s'' il,98686
pas le,98603
de travail,98514
tout le,97623
dont la,97598
voir la,97226
d'' or,96844
qu'' à,96511
des auteurs,96493
on peut,96119
qu'' en,95768
du projet,95735
au niveau,95406
À la,94982
sur ce,94966
au moins,94796
l'' armée,94740
celui de,94537
n'' ont,94437
Guerre mondiale,93774
d'' avoir,93674
sont des,93620
qui lui,93123
ce n'',92958
en effet,92845
mais il,92692
l'' ordre,92681
à faire,92579
pour des,92577
de notre,92176
du Nord,92049
est aussi,91895
de recherche,91872
est plus,91862
celle de,91730
face à,91635
a fait,91081
mis en,89799
de le,89715
une grande,89296
la recherche,89218
de s'',89090
le groupe,88529
tout en,87983
elle a,87713
et sa,87506
l'' occasion,87493
d'' ailleurs,87476
ou des,86943
du Sud,86740
est également,86736
titre de,86498
à ses,86117
et aux,86000
le fait,85459
la série,85375
la plupart,85344
de vie,85136
en totalité,85102
de tous,85052
est très,85023
entre le,84864
l'' homme,84700
doit être,84696
historique de,84605
l'' une,84359
vers les,84186
un nouveau,84164
et est,83791
rapport à,83771
est partiellement,83733
ou encore,83685
je n'',83384
dont les,83128
histoire de,82826
partiellement ou,82824
et je,82756
de nos,82736
ne se,82736
dans cette,82731
la tête,82638
une partie,82224
totalité issu,82171
et non,82082
le département,81970
l'' Union,81846
de fer,81809
plus en,81794
de football,81724
pas d'',81645
première fois,81468
comme une,81432
le nombre,81324
la ligne,81273
on ne,81273
la fois,81089
un grand,80952
de manière,80867
vers le,80705
la direction,80519
en scène,80502
autour de,80446
toute la,80436
début de,80431
Cette page,80263
l'' objet,80200
fin du,79876
une autre,79779
l'' aide,79768
vous pouvez,79607
l'' école,79545
de qualité,79201
nous avons,78889
de ne,78848
est d'',78821
la maison,78781
ne s'',78536
depuis le,78525
ou le,78518
et a,78482
est donc,78429
temps de,78426
de référence,78284
Je ne,77932
mettre en,77665
à se,77595
plus d'',77504
contre le,77491
base de,77379
universitaire de,77372
d'' autorité,77330
commune de,77283
parce que,77230
l'' origine,77125
à leur,76994
Pour les,76955
fait de,76923
de données,76907
connaître la,76750
ensemble des,76663
l'' université,76510
les différents,76407
de vue,76298
que c'',76170
la base,76043
une fois,75853
la construction,75839
des deux,75674
forme de,75581
d'' origine,75549
cadre de,75430
la partie,75198
peu de,75130
d'' argent,75077
à votre,75063
le droit,74889
peuvent être,74834
la communauté,74410
de façon,74314
et pour,74204
la question,74155
sein de,74039
suite de,73961
lieu de,73920
beaucoup de,73914
au début,73739
tandis que,73538
et qu'',73360
chez les,73263
Notices d'',73253
pas la,73095
le gouvernement,72939
la musique,72929
a une,72894
aux États-Unis,72764
ils sont,72687
après avoir,72660
un homme,72580
de trois,72525
ainsi qu'',72521
et plus,72441
Il n'',72341
autorité international,72261
international virtuel,72258
Fichier d,72234
la section,72176
a un,71954
dont il,71854
de même,71564
le projet,71471
la place,71421
les liens,71363
fait partie,71342
à jour,71227
l'' Université,71175
Il faut,71108
page d,71055
New York,70869
ou la,70774
est bien,70687
Je suis,70654
fait que,70590
et l,70465
du pays,70339
projet de,70290
n'' ai,70283
millions de,69859
à tous,69767
département de,69730
ou à,69598
même si,69531
le domaine,69369
À l'',69357
Dans la,69354
et s'',69217
un article,69081
le rôle,69067
et ne,68966
c'' est-à-dire,68875
plupart des,68827
Elle a,68785
s'' en,68741
je me,68537
on a,68522
International Standard,68500
du Conseil,68500
la forme,68440
Standard Name,68408
Name Identifier,68407
un petit,68397
président de,68377
entre la,68366
des personnes,68316
contre la,68286
l'' âge,68224
en matière,68190
la formation,67938
la traduction,67912
pour faire,67891
des plus,67709
avec son,67594
français de,67250
ce dernier,67178
est que,67133
version du,67082
est issu,67028
le développement,67015
en fait,66868
ou partie,66794
en fonction,66755
de sécurité,66300
et mort,66256
l'' entreprise,66105
son père,65945
et par,65934
France et,65932
en raison,65921
parmi les,65821
en Europe,65774
la province,65696
alors qu'',65681
n'' en,65670
a eu,65633
partie du,65598
lors du,65589
après le,65493
l'' état,65403
du temps,65354
lors d'',65158
en cas,65054
la nature,65018
de les,64976
général de,64934
par son,64885
de temps,64853
il était,64566
la production,64551
un même,64511
pour vous,64466
d'' information,64399
l'' île,64281
Dans les,64010
en français,63961
comme la,63812
d'' après,63640
sa carrière,63613
groupe de,63541
de plusieurs,63439
niveau de,63384
en charge,63378
l'' historique,63306
que dans,63280
nombre d'',63278
ou les,63250
la nouvelle,63016
début du,62993
pendant la,62989
l'' église,62916
de documentation,62873
mort le,62663
De plus,62638
de vous,62621
Il se,62543
son nom,62434
l'' auteur,62410
sont à,62404
raison de,62395
ensemble de,62330
la période,62274
lors des,62258
présents dans,62218
la culture,62164
traduction de,62100
d'' Europe,62080
même nom,61922
et sur,61835
la bataille,61834
bien que,61810
pas un,61787
comme l'',61682
comme les,61581
plus que,61486
la Coupe,61463
l'' est,61322
sur son,61275
pour connaître,61238
sous licence,61194
de formation,61109
la qualité,61103
sa version,61094
ou un,61074
Seconde Guerre,60990
se fait,60946
située dans,60823
pour son,60768
l'' a,60762
ils ont,60753
droit de,60712
système de,60643
un certain,60606
équipe de,60570
famille des,60544
pas les,60228
de nouvelles,60202
pour que,60138
mois de,60026
centre de,59945
du roi,59919
en l'',59865
d'' euros,59855
ont pas,59703
Tout ou,59438
date de,59419
pour effectuer,59312
de vos,59302
en vigueur,59284
quant à,59257
mise à,59213
sur cette,59182
dans l,59011
l'' intérieur,58975
du Congrès,58763
la Société,58690
n'' était,58669
l'' environnement,58664
d'' État,58583
la situation,58488
la mer,58464
la politique,58135
Université de,58039
de santé,57988
du département,57982
l'' air,57981
ses auteurs,57970
millions d'',57858
Il fut,57726
un groupe,57723
homonymie répertorie,57716
afin d'',57706
Après avoir,57693
monde de,57602
vers la,57479
d'' homonymie,57450
Système universitaire,57412
en œuvre,57370
que cette,57308
le début,56893
que pour,56846
de tout,56788
sans doute,56756
et b,56718
dont l'',56711
la santé,56570
pour se,56532
agit d'',56472
licence CC-BY-SA,56377
qui le,56345
l'' Europe,56185
qui l'',55990
À partir,55844
l'' association,55784
Lors de,55764
corriger les,55763
du film,55705
son premier,55515
page originale,55506
une série,55456
s'' y,55422
pages d'',55397
anglais intitulé,55362
la sécurité,55347
avait été,55345
membres de,55232
est possible,55193
que tu,55175
l'' utilisation,55137
pour corriger,55108
partir du,55091
la gestion,55086
en cours,54977
de guerre,54861
l'' espace,54723
cours d'',54622
de mettre,54614
des autres,54599
partie des,54524
âge de,54497
chef de,54463
Consultez l'',54404
membre de,54402
de toute,54398
de lui,54344
le territoire,54344
qui en,54316
rôle de,54297
sont en,54236
des droits,54232
la dernière,54230
la langue,54166
période de,54147
le président,54093
Il ne,54090
où les,53996
Pour la,53895
bienvenue pour,53875
On peut,53831
la présence,53819
il avait,53815
place de,53788
était un,53750
l'' art,53693
auprès de,53633
une petite,53590
que son,53581
originale pour,53571
à deux,53551
effectuer ces,53488
le système,53485
explications pour,53412
direction de,53350
ces corrections,53299
Quelques explications,53288
m'' a,53269
communes de,53255
des communes,53250
qu'' elles,53249
les conditions,53224
même temps,53171
c'' était,53077
article sous,53024
tels que,52986
de nouveaux,52924
au sud,52919
type de,52906
la route,52838
dans ses,52811
des États-Unis,52736
de chaque,52696
mort de,52683
fils de,52584
et leur,52546
une bonne,52494
au nord,52408
pas une,52337
de toutes,52312
bataille de,52187
en compte,52069
la demande,52042
taux de,51953
la rue,51947
du premier,51945
d'' autre,51930
la version,51912
des sites,51842
un système,51839
fonction de,51837
dans leur,51719
l'' École,51595
le film,51559
contre l'',51547
Bibliothèque du,51425
ai pas,51417
les enfants,51359
avoir été,51309
en est,51292
a pour,51127
d'' en,51094
en ce,51077
création de,51015
plus grande,50957
sa vie,50944
mais je,50886
demande de,50879
la zone,50842
qui fait,50820
canton de,50776
le roi,50747
pour être,50707
château de,50668
des services,50620
est nommé,50560
où le,50427
de production,50390
à nouveau,50337
tout ce,50335
plus grand,50285
sous l'',50264
un de,50257
un seul,50245
de communes,50220
du code,50216
vers l'',50122
l'' ancien,50059
l'' album,50021
des sciences,49668
et d,49643
l'' organisation,49567
à cause,49490
la nuit,49411
me semble,49405
le sujet,49390
la possibilité,49342
parce qu'',49309
l'' ouest,49216
l'' image,49206
pas être,49134
en les,49115
de personnes,49071
occasion de,49020
le prix,48990
l'' Institut,48947
du même,48892
jusqu''à la,48862
et ce,48718
il fut,48689
quelque chose,48602
ligne de,48598
dire que,48585
la Commission,48571
concernant la,48557
un an,48536
du gouvernement,48502
y compris,48495
ministre de,48458
une commune,48390
qui permet,48345
se faire,48295
poste de,48260
car il,48158
Histoire de,48083
l'' action,48019
sous les,48001
vous êtes,47999
avant la,47994
les personnes,47982
et autres,47825
du site,47817
des Pays-Bas,47804
du fait,47785
qui avait,47629
qui nous,47534
matière de,47518
ou une,47517
pas en,47511
une espèce,47473
ce sont,47441
que d'',47409
service de,47380
le pays,47379
tout à,47363
le club,47360
la seconde,47354
le plan,47332
avec ses,47283
le seul,46971
des informations,46944
la deuxième,46936
la part,46920
le travail,46919
Nous avons,46882
et donc,46810
si le,46794
avant d'',46745
a également,46700
de développement,46672
des sources,46650
articles de,46649
il fait,46636
d'' entre,46631
pas encore,46559
la Culture,46503
et surtout,46489
la cour,46467
au point,46441
et vous,46311
des produits,46246
je vous,46245
y avait,46201
une seule,46176
